d,EPU,monetary,fiscal,tax,spending,health,security,entitlement,regulation,fin-reg,trade,debt
01/01/1985,213.6788345,270.469228,292.6145565,295.7907864,394.0997467,107.8482413,179.6998542,258.3462209,129.6328202,113.2471769,122.6139605,0
01/02/1985,155.426022,219.8356774,164.2355359,139.1255958,225.0327805,36.73303048,124.8594979,82.4929969,55.19105225,0,41.76222343,128.3889975
01/03/1985,121.1373749,119.0345221,108.8288149,115.7143422,102.0263396,31.64294377,63.26926409,113.6991412,85.57783585,149.5215225,107.9257282,110.5981666
01/04/1985,104.9823533,122.0447601,104.7373306,85.76021737,138.080529,38.0666355,85.62743203,51.29275973,60.05452106,44.96880362,194.7528675,0
01/05/1985,115.7367778,107.5735803,134.8399665,132.1777695,167.5689089,54.70593062,109.3831218,98.28442915,65.75614014,129.2502066,124.3916588,95.60386789
01/06/1985,139.7924312,156.6430159,197.6899021,190.0223946,182.4372291,26.94379383,161.6202987,108.9159726,89.06218435,42.43891998,153.1636137,0
01/07/1985,120.505154,173.4075841,134.1492929,122.2601401,201.2226093,26.00339831,155.9794076,116.7939714,39.06987515,0,59.12715155,181.773744
01/08/1985,122.6838344,111.3308224,118.8755398,122.8273742,217.7066716,56.26716915,106.0759342,151.6340149,57.97091808,37.98252716,109.6642633,168.5696266
01/09/1985,91.71113419,113.5899203,81.79870379,67.47986933,126.9281841,24.60382663,83.63103723,11.05078109,51.75384357,77.50651866,279.7238593,85.99510014
01/10/1985,86.3386193,69.60723764,108.0751552,89.54259661,103.6225108,7.141775121,42.83939505,67.36212574,64.38272236,33.74683143,121.7935483,74.88562765
01/11/1985,115.8834294,70.24557924,96.54843807,83.16289587,99.34415386,34.23453076,114.9978087,36.90336248,117.2765392,32.35349529,93.41195781,287.1750264
01/12/1985,126.4221323,112.5638516,150.9389532,137.0244445,225.5225312,6.857318781,119.2860054,55.4392265,98.90938178,64.80539561,70.16551255,0
01/01/1986,149.4584826,119.5476003,160.3035913,155.8956345,269.410886,85.2616314,146.6114851,91.90839833,143.4774257,53.71792221,116.321967,119.2023117
01/02/1986,157.8690929,190.2599355,242.3669175,196.1823901,382.6820771,55.63447281,144.6116339,99.95264388,150.4625428,204.468466,42.16766678,64.81772304
01/03/1986,101.7271997,104.9775322,118.5400565,103.3921938,166.6958526,64.62482523,116.2941301,36.28270957,135.9375168,101.7899634,165.3136645,0
01/04/1986,105.7670166,120.6130851,112.836502,117.8331717,121.6510496,21.8721429,118.0785476,36.83943156,73.94107629,25.8379572,111.9001585,0
01/05/1986,126.261048,148.3625322,108.6813144,100.7280954,124.33797,32.13565087,122.083397,14.43369149,111.0521194,126.5414147,127.8739257,112.3202726
01/06/1986,152.2630178,162.7707632,164.654039,157.0409624,156.1570499,50.10134978,110.194017,45.00592995,105.3875667,105.2188957,151.8955364,291.8564021
01/07/1986,143.2923284,183.8203275,174.4377191,172.8021228,197.3076648,22.05187606,72.75207604,37.14215761,89.45841973,26.05027923,112.8196921,115.6133141
01/08/1986,138.3224872,132.9928988,194.7101284,211.4518317,148.4199988,37.03699859,92.039214,49.90537894,62.00750582,50.00282851,54.13861082,110.9583637
01/09/1986,169.4778257,166.7552342,221.7418052,227.1385816,204.3877605,81.26898882,110.4967927,73.00375008,87.91627272,102.404825,73.91655138,170.430436
01/10/1986,118.8804977,73.60328101,154.8506248,147.3301654,229.7219359,39.58170851,139.488873,120.0020394,93.66708598,46.75858671,151.8781039,0
01/11/1986,93.86038102,58.41298952,103.2493056,109.5114225,120.1600356,56.93571918,93.14306795,90.66654166,97.98838181,244.5788827,52.96164774,54.27307503
01/12/1986,89.36405282,79.13561045,122.0315665,122.9021399,134.3001569,92.56111555,70.94488178,34.64476756,78.80761089,72.89607768,70.15589579,107.8396262
01/01/1987,113.3133179,124.159436,150.1653649,159.9141573,188.2155345,75.93376091,93.94334634,89.52710397,81.28898376,112.127403,80.93437927,49.76307754
01/02/1987,75.62146615,37.38391783,70.18030286,68.52908968,56.39451346,43.72616978,67.02918233,39.27912008,96.35733355,68.87268482,82.8546791,101.887575
01/03/1987,84.34975068,58.16113425,101.9860627,100.8069416,101.235496,56.69023335,41.85256055,52.88335192,114.0055662,103.0295322,118.9879514,91.45073307
01/04/1987,86.86082378,93.71384914,93.48074131,90.78250677,103.4411202,35.64636743,90.8743605,78.05131371,72.30377338,42.10969726,136.7778931,93.44317601
01/05/1987,97.97026833,98.87145938,79.8484575,77.23420658,80.50705178,39.42449603,89.33871804,53.12240432,78.97994046,82.79621114,74.70363821,45.93206218
01/06/1987,109.3113113,137.0815894,80.8153219,70.40356524,93.5906549,41.46665659,113.3124228,55.87410668,128.7601191,130.6274931,172.8611125,144.93393
01/07/1987,74.65576785,59.49972745,60.57695823,62.27759657,66.4864659,38.6633156,64.42193303,17.36558477,61.96404107,40.59882007,73.26131292,45.04523823
01/08/1987,61.51616048,24.43654141,56.59825525,45.8131048,79.59077036,30.31450398,62.34488475,23.34124356,58.56077976,81.85387594,29.54136306,0
01/09/1987,75.5653055,64.6669565,65.03483969,57.6246259,105.680916,42.02101514,80.65915659,62.28318277,71.97527058,59.5682204,71.66129502,132.1843676
01/10/1987,212.3425446,353.2999684,243.6799374,186.1034842,459.4493591,43.54039937,175.6987214,133.3371918,189.1205656,523.7024258,256.5083057,249.025188
01/11/1987,204.1146235,289.5949953,253.1292573,160.5692087,513.71596,87.81767834,160.5387174,135.2338683,162.1042039,414.9624341,85.57797683,306.9396544
01/12/1987,153.9771964,216.7240752,160.9747737,123.338734,284.4640501,41.42021601,124.2280082,100.4607549,123.2223437,254.4383338,84.76405368,304.0203835
01/01/1988,197.5180972,268.1961693,250.9353072,214.0201753,324.5699265,156.0677382,93.6160461,168.2343583,214.558708,313.4215814,133.0764641,368.2035383
01/02/1988,104.343343,142.5189588,99.768736,91.24676817,146.2269784,61.28587061,63.72056342,66.06355186,66.29866316,57.91848413,125.4179559,42.84117799
01/03/1988,85.1810487,46.63768438,73.79405494,71.24360421,87.94254562,47.27654119,78.53115814,49.00201239,118.0233695,154.6577486,99.22941664,76.26488891
01/04/1988,84.86827929,77.70900561,77.51570891,70.93531189,71.47917714,29.55853155,68.70553408,44.80711169,86.60229101,104.7540805,100.8163483,116.2268388
01/05/1988,93.41527944,61.19577408,78.32861285,79.31848809,62.94221928,32.53534191,110.5911057,48.71070758,58.66087492,85.41019259,73.97964178,0
01/06/1988,84.38802188,64.50129922,69.9559451,62.3070097,89.43172504,33.28414672,90.95277066,39.8654323,63.34490434,34.95036737,75.68229213,0
01/07/1988,87.10117894,59.13433468,79.29432452,68.4785864,107.9099098,59.49813827,95.91554699,50.10660369,60.34191162,52.7146685,25.36655543,272.9441164
01/08/1988,101.878628,110.9630582,58.27703107,59.32740674,52.30948931,50.47316931,80.01500238,24.28925068,32.5009238,17.03567598,110.6682793,37.80287613
01/09/1988,84.65760515,69.61300727,74.19760232,65.44039824,87.51070655,55.67383578,70.96549506,60.95173696,106.6530412,32.88425356,94.9443786,36.48576567
01/10/1988,103.5883436,103.5281234,77.7886256,72.25786504,100.9749523,52.19476905,108.5366026,56.26373253,122.3385964,197.3075929,59.34085966,72.97229749
01/11/1988,123.3561654,176.5998965,159.9051309,143.2302806,281.5105119,70.98295565,110.7043242,114.7748933,70.38983213,50.31206805,205.7885052,186.0742986
01/12/1988,87.84960145,109.4703201,98.70414491,82.17167841,138.8017863,47.83184353,83.86765931,24.78879091,63.02176091,34.77207392,100.3949488,192.9017088
01/01/1989,109.6531363,94.2344387,144.2618038,130.7566554,186.5782438,119.4066124,108.355994,132.0156205,146.2860137,188.0762487,104.426778,128.4150913
01/02/1989,71.73418347,60.87680535,79.42459691,77.91493754,77.56257024,32.0741756,61.56624117,30.25276788,98.30997485,166.7151313,43.75861845,33.63162142
01/03/1989,70.52105889,47.02287394,55.41095251,57.68328781,40.30403634,36.11136908,41.65601958,22.45760427,95.15845097,65.6292494,66.32034088,0
01/04/1989,82.52077727,67.46421329,72.7645322,69.45223495,80.20024228,22.87236055,99.4686339,57.78615965,92.78690052,189.1367266,68.26013605,89.9362053
01/05/1989,86.19914673,78.50502951,65.07528783,67.59357066,48.44727457,38.95544773,90.13035522,37.49313341,82.77844613,105.1857681,113.8857847,145.8822564
01/06/1989,98.90107854,119.2715561,45.41319858,39.36396333,63.86188838,40.18697115,75.76124001,58.01764163,85.39537397,108.5110729,48.95255362,120.3953002
01/07/1989,114.1515981,103.3323757,75.39310235,69.63982314,65.90485232,20.73628314,124.3850178,27.94103484,117.5029354,97.98458227,90.93341301,62.12339379
01/08/1989,69.97617522,74.32218322,67.41705334,55.6541039,87.93470573,31.24973512,80.09191386,49.76323215,71.70919581,120.8155947,96.89508842,0
01/09/1989,58.85446283,51.41551878,35.45692525,35.90501097,38.78075566,31.50099239,51.53353848,23.15231239,33.5612454,0,58.60449245,30.02782345
01/10/1989,93.83407771,95.28586004,78.48763855,75.89832402,87.27128868,31.84322438,79.58715013,57.20939385,110.0415726,238.2408463,63.35515227,111.2981859
01/11/1989,95.64348876,67.41013119,59.95354149,51.48776971,80.41792073,37.54589842,117.4341703,32.52284634,87.03624206,25.34494143,73.17665614,56.24148302
01/12/1989,101.4528656,91.16194797,91.19547592,74.05028896,114.5999403,36.67091719,135.3647437,26.60651743,68.66024514,53.31694324,125.0748182,29.57813067
01/01/1990,120.5905183,128.5026555,117.2429379,93.09087302,172.365964,105.8838192,144.0674429,86.99560693,123.3913671,61.01583747,88.0833552,54.15867614
01/02/1990,125.6575476,75.27427802,95.32908048,83.04745906,97.2560477,67.93572593,140.1825066,84.21658377,146.9848683,51.36236754,55.61059863,28.4938094
01/03/1990,84.91120659,55.47670121,66.30389519,63.55954734,63.67557601,32.91441994,93.07633283,53.85408656,103.85261,155.5295935,80.18742695,49.30380861
01/04/1990,101.5632279,49.94817243,75.14428669,63.27374879,84.99620268,26.12364682,78.35035459,38.40023986,196.9663836,100.9974617,56.70054933,124.5097686
01/05/1990,93.54481519,58.80464702,72.54406101,62.88087708,102.0144115,25.21968751,118.2721865,30.89289359,80.60737684,97.50263588,265.8728806,48.08053757
01/06/1990,98.32611617,58.90157454,68.28670424,61.8597998,90.24275135,16.74515145,97.57467443,19.33988391,90.57398912,124.3399121,269.2483731,50.16644643
01/07/1990,102.2968645,77.43656602,99.78002683,77.62905606,159.7078287,66.04341409,123.0914522,60.38605498,91.43302861,111.4546816,120.6732061,49.4645182
01/08/1990,167.8614839,197.2008588,146.0516102,130.4804756,183.7643804,40.23075964,284.2226911,27.10440075,181.3390778,211.2236557,30.4925558,0
01/09/1990,177.4692697,162.9438183,207.7235338,177.9198855,365.6775538,100.6624349,236.1591319,108.509807,231.908103,517.9380636,99.18508685,46.9112728
01/10/1990,178.329763,170.2558524,266.3490965,224.762562,451.8392307,206.9253896,235.9558748,298.145141,118.2049183,145.2146719,62.89020714,42.96498916
01/11/1990,186.2974898,178.2024015,202.5288486,179.2678307,245.8742251,65.66542677,289.6990577,62.79272504,103.1174115,130.1203614,122.8208523,266.5315509
01/12/1990,153.601721,145.6718953,135.6487099,120.0944788,148.2436816,78.88213252,269.0300754,51.62631091,146.2871774,372.7395479,138.3665816,47.26426378
01/01/1991,271.8324093,343.66884,271.2848413,241.6227415,334.9200618,151.6105757,758.2634099,113.1861288,201.3202405,580.8658692,97.83042065,0
01/02/1991,153.9738099,172.3233033,158.3834514,153.4117554,378.7405325,391.5480853,234.8671419,527.590148,352.9785136,273.3207576,128.9939869,0
01/03/1991,122.1363771,176.3829734,78.83839855,73.55461459,76.45914837,27.66564627,298.7104962,47.9288338,112.2319475,261.4554185,148.2803399,0
01/04/1991,111.1681082,117.5936527,68.09060519,68.58819743,44.34819314,39.5958955,133.7573034,50.5452846,86.42065738,128.0167366,78.18750623,21.85188326
01/05/1991,79.57537906,52.78300005,60.36921666,67.19264358,35.12840681,48.42175313,93.18739061,29.90429204,54.56494071,66.73507281,103.221136,21.15541604
01/06/1991,84.9416968,48.23958314,67.62559361,62.80454024,62.02034506,72.6666534,89.7411108,60.47656418,69.36204815,90.89198395,87.47533142,0
01/07/1991,109.7069054,96.67242759,92.06665376,89.78062775,84.93092671,102.7937152,102.7667141,80.79694297,129.3490649,141.6707497,94.95476986,112.2761812
01/08/1991,102.425411,82.48524316,69.30375333,57.41965408,82.69143182,34.60218008,130.6397909,35.65409895,66.05720695,86.56132213,48.59601849,42.6851527
01/09/1991,117.1181443,96.21957091,72.3093718,64.60868743,79.75245645,68.02073748,106.3317609,72.21248942,111.4915138,126.6186211,56.24261324,0
01/10/1991,112.0872265,111.7930834,101.2519037,108.6067938,70.26769921,61.17379655,113.5240324,82.42842601,146.4864813,316.1624815,84.76311655,40.0901568
01/11/1991,172.5034415,201.0340978,208.7442158,216.5442795,167.1843492,186.9060827,143.4579454,192.2695049,143.1300238,180.4350561,116.5299382,0
01/12/1991,185.4754762,160.0887572,167.8428631,173.1553553,156.0009861,111.0083908,239.9664149,146.755658,156.7188353,267.220968,207.1696077,65.88605364
01/01/1992,162.1154695,160.1280451,213.3596823,222.9367728,189.1940888,193.6162317,206.2063781,189.0103598,119.3311032,84.02045482,134.7701747,20.71609961
01/02/1992,169.7040451,160.0204103,180.2424386,185.7795365,158.9180639,153.8938317,165.9121887,126.0995625,127.4857289,98.26895199,99.30374725,43.6125813
01/03/1992,125.4098384,95.02530672,122.9614518,124.1121497,103.9272241,109.2940865,141.1190136,119.8112124,131.9273715,78.77964029,164.2729699,0
01/04/1992,95.18696839,71.47795214,76.15170365,76.28309772,70.16085804,59.17200809,96.17696285,87.44703801,96.36200028,81.17530979,97.65488686,120.0876006
01/05/1992,93.57783044,48.04074435,93.99875003,89.11268243,86.89075272,80.27278135,73.37297914,72.10885915,89.59536223,90.31208146,117.3382573,0
01/06/1992,119.8197537,86.18208484,89.49097872,74.65604858,114.9458221,77.85600462,129.0431553,69.01763886,94.19803816,58.0880233,167.7134397,21.48329141
01/07/1992,134.573995,173.24168,118.9170001,111.0557693,126.3916883,100.5121313,110.9362454,67.71736629,108.7333813,85.49049235,116.5589179,21.07855235
01/08/1992,151.883382,141.7331091,174.9034345,176.5036348,199.4763928,174.1874467,180.1465785,121.4008387,128.1501488,66.22507697,286.8104685,167.9499546
01/09/1992,155.7167824,195.9262274,151.8856398,149.6481953,209.7393409,151.1855598,145.5773164,91.13542219,141.672963,75.19925504,284.9667036,1439.256217
01/10/1992,188.747608,195.2484823,222.4133667,204.8735013,280.5964373,205.0920368,197.279964,126.9718853,154.9073174,104.7692648,422.2296527,368.1050058
01/11/1992,154.9961944,117.032596,166.9908661,159.6783994,205.5935704,226.195697,183.6382564,118.2361926,128.3253257,101.3551606,312.58801,122.6789085
01/12/1992,100.6536007,57.60823272,85.90504356,79.65715027,95.51878479,112.3026295,95.23858677,60.00692057,101.2402224,73.19455079,132.0809048,182.724484
01/01/1993,112.0049902,55.15993945,134.7219358,134.6690177,144.8746535,195.8579923,132.4573693,129.3667606,103.8617276,18.14671228,196.476444,60.40246807
01/02/1993,113.3260729,101.6173094,164.7640107,176.6141057,201.3913876,187.9879176,73.96290868,157.9743419,171.2923658,85.96394333,117.2044275,148.3670056
01/03/1993,134.0039309,82.28641241,130.7955504,124.2881423,130.7559434,182.0391789,132.9798271,157.8586642,138.1101463,102.200159,135.2428403,113.3932095
01/04/1993,115.8018665,55.47373622,114.1436666,124.1901789,91.97962897,182.7220134,100.6571116,113.0547679,117.65923,26.43095664,127.1870517,39.10093073
01/05/1993,153.300492,105.5729077,209.2150389,224.7830195,197.3122804,367.900842,122.3586265,225.7765395,310.3161524,34.42438853,260.901641,95.48644392
01/06/1993,131.5552888,137.5609197,159.7299217,169.023802,86.46410887,264.2775461,107.2374166,151.8661291,141.8958002,55.09338272,192.2062312,81.50301069
01/07/1993,118.8922253,132.8890062,154.4342188,157.1377313,155.9181326,199.5694209,98.99112672,74.98428045,124.5536101,45.33749214,386.1542131,321.9385203
01/08/1993,143.3253918,145.9587308,176.7992846,186.5483655,170.6411705,231.4216697,76.23530691,240.2611869,131.6734099,35.85345516,608.1632227,218.7908625
01/09/1993,124.841129,40.26895825,107.3519577,107.6508211,94.01269482,211.2053527,119.9630263,158.6640732,124.6870535,88.31883024,427.1194886,78.3932684
01/10/1993,80.60397416,56.89054078,57.51690534,58.62695605,45.97538031,137.309153,68.63654284,56.92823245,74.58747559,8.318245171,354.2460408,18.45853326
01/11/1993,100.2657783,57.2033482,64.56006607,65.5377634,46.74181808,152.4015642,88.07239806,82.64205053,92.15129163,35.12872558,1020.585881,19.48802711
01/12/1993,87.490977,38.65647553,65.11004813,66.25293669,49.78041163,102.9275886,106.9430741,74.29791022,61.30680178,17.37003118,488.9748047,19.27241213
01/01/1994,91.35413463,63.95991106,86.41476433,88.08253086,71.26734443,194.5837251,90.65597515,91.63963734,71.5289326,17.85361294,199.7464596,39.61791239
01/02/1994,77.52547059,65.79154812,66.16582898,60.14952044,84.58643817,93.2766157,92.0864631,104.7377179,54.30707377,36.72978325,185.5827827,40.75246113
01/03/1994,84.14653546,104.5888833,47.14123379,46.31978799,43.08974919,83.95373409,80.16332056,57.71590616,60.23816168,24.28801505,268.8127582,35.93074616
01/04/1994,106.3709982,159.8695006,59.13709631,61.05405736,38.11545467,98.51093304,64.46294637,62.74897897,88.80708149,25.39041672,348.2127802,37.56159639
01/05/1994,110.1581895,160.7677577,57.16944892,55.63052257,45.22162846,88.30716217,82.05215694,46.6624267,82.73033586,32.72748066,277.5694842,108.9354686
01/06/1994,77.08012047,69.77451123,48.01204524,49.78751692,19.04311322,114.543001,86.9582439,38.58514519,70.99118497,33.82792866,201.4422814,187.6639644
01/07/1994,87.78914405,73.57048406,49.95039219,42.67825758,52.68170604,107.1109588,93.65209665,44.03175267,94.92334941,25.73534419,309.5993266,57.10780303
01/08/1994,87.7473441,100.5066393,47.78252131,46.75798384,44.79581763,163.86842,65.17400842,110.4019752,80.28614561,16.83310629,224.7797952,56.0300483
01/09/1994,93.1808571,51.97155066,51.66643854,52.01518905,35.48289368,94.32717198,132.0233528,68.25785316,103.9322083,33.01641211,160.8625417,0
01/10/1994,80.18196315,61.62653467,74.02822814,75.83542901,61.33112082,110.1246547,78.06787984,96.67644056,75.20968915,7.884378321,216.2580729,52.48729384
01/11/1994,116.1364461,126.3685017,111.5743824,116.2319462,147.6710006,147.4601904,122.7934016,154.280619,120.4230868,24.59257194,627.2054709,18.1906479
01/12/1994,87.64626396,86.43605695,78.69251858,83.39336442,73.77374853,81.58955158,70.21951224,62.13862445,92.74016698,58.66804085,362.9744643,111.5887128
01/01/1995,131.6540693,185.1980705,121.8359724,124.1873525,127.8832046,132.2077243,64.0530678,189.5622663,152.8007172,112.1287792,433.5823537,622.0461044
01/02/1995,130.3566806,166.7413204,112.4075109,105.6641596,129.5672274,67.86733843,137.1274339,151.610522,189.9863476,75.95328495,207.1115153,318.359963
01/03/1995,96.35862162,96.29856451,93.91165714,83.88656998,120.0567227,99.2932646,73.51975742,123.3398455,159.4438721,65.97952071,179.9147795,146.4113106
01/04/1995,69.77728369,49.73308923,54.81981337,57.30101823,63.5792602,70.65896206,63.08352171,84.13834539,96.28869928,23.29415087,56.04629469,68.92092419
01/05/1995,63.30757797,39.37144283,50.59415114,51.99925161,46.40057919,49.56865785,56.58934093,56.01835953,73.51548175,15.11131619,114.5283144,50.29896212
01/06/1995,94.5612944,120.1632785,80.00119405,69.31678231,109.3318951,70.43841255,83.52128901,101.5337692,85.65096556,46.44288455,122.9169833,223.2938489
01/07/1995,89.35136289,88.64650384,66.42608928,61.07003589,103.2438149,81.3219999,71.13805902,114.1427653,80.94794875,24.01678659,46.22797908,53.29425197
01/08/1995,45.52693452,35.92119879,33.04507723,26.79850484,44.10648527,45.5979975,35.16635842,63.63518479,61.65952786,7.695105356,72.20698301,17.07576
01/09/1995,53.49117021,32.48447844,55.28647225,54.07656844,54.97198121,50.33596025,41.88150486,87.51615485,60.0155356,7.672616568,22.15260295,17.02585644
01/10/1995,80.55272146,42.06806603,85.65940006,81.51889082,98.42278357,100.2323922,55.56881726,135.0577991,88.98989246,7.176141458,129.4947843,47.77247235
01/11/1995,90.58875285,93.93924263,120.0434446,87.08200999,216.5006895,128.3454325,51.63764332,170.829613,53.61833546,14.79188059,80.07665671,32.82380049
01/12/1995,111.6023127,176.5157021,150.7244268,94.1213411,296.7367539,198.0216556,69.12710408,262.4494549,77.55180163,69.02750833,38.75243572,34.03887165
01/01/1996,116.6893102,138.4709603,154.1692344,119.865796,264.273298,147.2389264,53.97342529,222.6450679,117.9867626,38.65244475,44.63938756,17.15427767
01/02/1996,90.7081012,57.52270373,104.9239181,102.0860436,143.5604931,120.3811842,73.19891254,122.2109199,89.19698337,15.5844894,191.2329727,0
01/03/1996,80.61006604,68.22388146,80.04733286,78.7303722,88.09498783,85.29154496,45.95862189,97.39474985,95.13492828,13.66189038,138.0575331,45.47445757
01/04/1996,62.70352938,29.41227211,73.17057781,66.80397884,81.73255199,82.98756867,57.92519224,91.4901707,62.57074826,7.129797294,66.9024176,15.82131781
01/05/1996,74.73056783,57.68786295,64.95813343,71.74183432,36.2597871,67.76307084,70.91632663,102.9633497,113.0778751,20.43823116,83.59729988,15.1177627
01/06/1996,70.12630217,71.41474328,60.11684866,59.39506381,61.34671053,85.0772478,69.59037303,52.10775038,80.88014138,43.85598042,84.41484618,16.21970854
01/07/1996,64.63349734,92.13380976,34.5504216,35.78221167,25.0292593,54.79550024,31.04262729,55.37550911,52.14217673,7.192323721,51.91471848,0
01/08/1996,70.6064179,42.34075809,80.60094248,87.77949906,67.00859535,100.2270362,64.54104514,154.9109619,112.9426742,34.82353146,60.32611108,15.45497399
01/09/1996,68.01254032,68.95224723,47.78797621,49.70689233,36.52249856,74.0047969,67.94573685,89.54225765,77.60716379,7.136587948,51.5124136,31.67277312
01/10/1996,67.23144302,45.35648661,73.85207136,80.83419151,67.87829338,96.8396743,65.66530872,100.2286017,75.91343534,39.79076703,67.01628866,14.71622884
01/11/1996,62.45230494,31.46277412,74.33302908,76.67105302,81.92902175,141.6526909,56.06221172,149.5471909,71.0902465,6.900489923,89.65483343,15.31247519
01/12/1996,62.99679184,60.65491913,47.96579489,46.32814761,46.92275006,42.44581037,49.10296492,75.57707763,73.79615314,21.4894294,118.919409,15.89531363
01/01/1997,68.9113208,53.13118401,85.09770306,83.41758656,86.27217377,89.18956793,55.22548045,160.8836963,53.17033452,20.39249932,44.15836531,0
01/02/1997,64.54440055,19.42384295,58.86348707,58.75018676,79.11356643,72.70123017,58.14570686,136.7372677,64.17435989,28.62775848,98.15269557,0
01/03/1997,61.01566954,60.95910064,35.76176931,39.15313179,23.51204681,52.6654572,55.08169838,54.58760986,42.60812875,25.52396111,50.6642998,28.31936757
01/04/1997,56.85521212,65.53338005,37.66068127,40.70350455,17.65332766,39.30832881,41.26290379,47.29095999,46.826472,13.26732524,67.03516653,73.60187132
01/05/1997,74.99195665,75.03735614,70.05714063,72.3113421,62.15179239,68.35481673,52.48270988,93.9465568,67.78365357,6.459902304,139.8841414,28.66958574
01/06/1997,75.94349581,54.07790851,62.08396321,58.27914328,58.66895743,46.21174601,51.97455841,68.10547345,119.7714734,81.88615453,68.95702922,45.42719877
01/07/1997,57.1136192,24.04670856,46.85554604,51.08278607,41.09279799,76.17533591,48.32934199,57.2427652,67.3510508,6.922099944,89.93560231,30.72085745
01/08/1997,66.42318316,75.88222824,64.4428606,62.3746508,55.87231763,50.71759481,43.94370302,79.72912759,82.55296403,6.6570678,134.5433659,103.4061794
01/09/1997,47.76498995,16.57450987,42.51751993,46.78543716,27.17721236,42.14436223,26.12264109,81.39509971,60.78866897,6.638119441,114.9946355,14.73026414
01/10/1997,72.45949887,80.45110452,46.86519612,48.35287713,21.13893753,37.27996973,30.07317756,76.2152366,73.00981836,42.52089765,100.8447973,283.0669405
01/11/1997,78.51168233,53.72140119,51.92206763,57.01896001,26.31168468,29.92158948,66.89797779,32.98724583,68.66148179,38.56026953,180.9150491,313.7451082
01/12/1997,61.67232735,59.10262712,47.74205257,51.66913682,13.42736353,40.25613391,42.46600442,46.76119998,81.34120246,59.03416255,66.28422913,858.7729986
01/01/1998,107.5783743,120.8020118,88.90591978,94.38953112,129.6051226,139.4015223,68.19408963,202.425324,117.1290687,63.95244057,69.24200879,1490.08792
01/02/1998,84.99236179,137.3872052,61.08514742,62.96170018,64.08444089,63.43231691,54.96023434,129.1571776,50.83012966,33.30388485,43.27017765,1492.834756
01/03/1998,69.38604828,54.35452969,88.93704807,90.44539372,58.56791282,50.45704591,35.56287353,83.28551618,60.26995457,29.80290954,38.72152442,383.576622
01/04/1998,67.67870712,56.65689446,69.71082747,73.23370426,43.43853314,50.97603317,53.14675646,86.67706328,44.86046474,11.47026821,74.51391112,381.7950594
01/05/1998,64.06512808,60.9189276,46.11380867,44.02819494,41.99622673,25.53904595,65.10746076,30.97125126,65.61644464,18.10184157,108.88368,415.0770015
01/06/1998,65.60018174,58.82242092,70.4250657,77.02026494,21.12738006,66.89059535,36.02954819,93.81034433,41.84186788,19.35160841,55.87252975,458.0482864
01/07/1998,66.03146586,83.19637325,59.46769809,67.22145393,19.44788318,30.82848858,44.2205607,39.73366726,48.33342308,63.33608698,45.71645066,758.9452726
01/08/1998,115.5147302,146.0987999,60.52774251,63.6905597,42.88316007,41.64643722,105.5661333,65.16737592,67.82149406,44.43662142,41.23887202,802.9404168
01/09/1998,149.5518044,239.2139406,104.249081,107.5966508,102.7448094,94.5610351,110.3353965,200.7237538,79.40748395,30.60456372,66.27179358,923.6141403
01/10/1998,112.1464394,157.4840303,98.10410959,103.7112399,86.51602901,78.56362855,59.45100323,114.0033963,79.54157799,22.84520184,74.20425174,342.1875815
01/11/1998,95.782708,148.7490797,57.80821206,60.82892288,31.02758048,56.45519317,48.48740359,77.7992316,62.46088688,24.25146862,74.3957713,174.8988189
01/12/1998,82.45076375,87.63404598,55.1113331,57.59503403,21.77680328,63.56671419,53.22313923,117.7725379,63.2743308,43.80396233,67.7529006,166.6334073
01/01/1999,87.77779816,109.7778719,114.7834332,119.2840386,98.57290751,128.65666,62.65589089,235.1489471,76.93941271,54.17266979,69.51507401,400.7047187
01/02/1999,62.55172892,37.1589174,50.27196516,51.69566246,36.28566421,77.61249572,50.4348709,115.0365654,51.3093178,18.33700842,75.00279157,67.81764521
01/03/1999,54.81170068,49.21654488,45.07001322,48.59393209,20.37191373,36.27140146,37.89950699,52.02692461,50.62989715,16.58634629,119.7214602,49.07439304
01/04/1999,47.56157168,34.72728771,46.15798548,50.2572444,35.61391822,27.31676197,47.73240791,38.40822142,44.96906296,22.44854538,52.6614536,199.2570371
01/05/1999,48.31810249,30.15064845,29.10928528,29.93773342,20.46733092,15.28183048,55.00013892,30.09519759,44.50865609,27.77338797,24.0564414,98.60849161
01/06/1999,50.56334961,58.49943254,43.96254502,47.62784185,29.09266837,56.3933829,37.58571328,57.41245572,36.15170442,29.60823161,59.84002655,39.42114113
01/07/1999,70.32283475,89.19775326,77.87356973,84.79380535,137.945018,153.8684573,57.77931269,198.9015044,28.19341357,5.911141004,51.20045755,78.70241182
01/08/1999,52.9488341,77.38758338,44.77192533,50.05158171,47.07297482,48.66480236,35.75923431,67.21255455,47.16138967,22.99544377,49.79483833,63.78481204
01/09/1999,57.72179647,64.48694182,30.34825299,30.31079477,24.55386089,59.22974942,46.40459083,48.86260792,46.85710322,45.6941532,37.1051706,88.7225792
01/10/1999,53.87392133,64.1780985,36.55544106,34.27002339,32.12859325,43.17957683,40.511728,40.27996751,38.92615855,15.69501954,45.31511942,69.65580703
01/11/1999,53.39345043,56.33389621,33.66419297,36.94774698,16.16486386,47.74713595,44.39317252,62.7282995,86.08757755,45.12364283,126.2109793,125.1640588
01/12/1999,71.88902868,115.68965,48.47824819,52.00566206,19.31542434,61.08041722,43.68451306,85.46808706,69.88850528,33.30249201,128.2025719,36.94980997
01/01/2000,56.99793717,47.46965155,57.20706806,60.58174678,38.5238713,84.33868433,67.45322473,96.27992271,73.91890602,16.60513502,71.91424718,122.8249592
01/02/2000,50.00945874,53.6419412,62.62095243,67.48270821,59.50008938,57.82142503,25.82831864,61.33441531,62.10722503,23.25293381,50.35241291,38.69942308
01/03/2000,62.83560172,49.18063888,45.94076661,51.49237197,11.46196026,37.70314486,51.69358806,31.93329888,81.57404231,40.72174223,88.17975384,45.18162293
01/04/2000,58.36208567,86.93387081,46.78709526,47.88025509,20.07272069,29.97439344,36.65135908,57.47650503,104.9691293,76.2661674,82.57421586,72.53048959
01/05/2000,73.3153766,95.2413444,48.27167287,54.55891037,20.31102731,38.68028387,40.43790071,72.96746541,68.7438521,46.9992523,245.009584,23.1762895
01/06/2000,66.55483195,88.45760827,36.06520291,39.2600489,22.54060283,40.7799693,42.63299502,75.35839846,110.2887754,22.02245203,35.7659255,73.30311051
01/07/2000,52.77493363,43.26377388,36.7689268,39.56069245,12.63923504,54.64233579,25.65140061,78.42943326,58.89755672,39.29129069,60.77301621,37.36672037
01/08/2000,46.9661086,55.60194959,25.86695157,26.00124252,22.46701072,69.68027665,32.50892101,44.70973998,57.83096987,26.13160906,22.63438377,0
01/09/2000,65.62060303,82.06733715,45.01865956,48.02977323,35.1705953,75.83642542,52.34454613,57.39187631,90.84267072,29.45323995,99.21129841,141.6089327
01/10/2000,66.71499726,70.28354685,60.73535063,67.60016104,49.08535763,89.31161579,56.0080252,112.137456,88.74832682,23.97850541,65.76986998,85.13488711
01/11/2000,137.9984526,227.2234245,94.58327215,102.8157307,56.85788892,176.3418142,93.18476118,166.8935692,115.4433761,49.5989924,143.2036614,99.05601111
01/12/2000,122.6100449,210.6738224,120.5777446,132.1313113,93.66245034,153.5920257,99.47478486,181.4623474,113.3786263,63.10992427,98.69861032,81.69207454
01/01/2001,119.4641449,166.2386451,114.5415328,128.2909163,69.41865192,183.9006943,69.95359178,163.1829759,123.3282352,42.38930917,91.79073987,117.5795582
01/02/2001,123.1918078,171.6383251,161.3443773,182.9052706,160.156963,164.423046,83.45438874,263.3826396,95.36250366,38.03220655,43.13873891,120.5643627
01/03/2001,123.0434836,133.9730227,153.5804933,171.7512286,148.6039962,148.5082399,31.94648278,190.4465929,73.86448956,48.39599016,31.43932159,10.73927224
01/04/2001,106.7144267,155.7892158,94.33056789,103.75738,46.7583776,74.61107029,39.08172901,90.62258951,94.73448241,79.44960366,82.43675067,308.5284773
01/05/2001,93.42091519,114.2696566,102.9708843,115.3043851,46.45520067,90.94311136,38.61513072,112.9029336,81.0635538,33.79906394,24.39641148,10.71450482
01/06/2001,69.22882532,61.84278681,61.81766661,68.27668056,22.26269391,67.95062084,36.81517972,67.93149053,76.07739444,25.8939661,48.59518053,22.98391667
01/07/2001,89.8005155,89.45618768,96.6503983,109.2353898,68.76267471,108.853446,46.63922282,154.157587,107.1428143,183.7007722,49.25015105,46.58739221
01/08/2001,78.81920847,90.24769949,80.43925712,89.20491981,54.05589126,81.75600901,31.03843063,107.372951,75.56849549,44.01107049,60.00530133,32.55413419
01/09/2001,234.0863859,407.9408833,198.5136842,190.5846931,192.7860536,128.2658121,537.9830646,247.2817581,209.9146414,452.2370384,148.0704334,51.72849825
01/10/2001,232.7485586,337.9183301,274.3934979,287.1886306,299.9644074,205.798981,474.0588508,315.2898755,124.5316107,84.36834645,99.35938784,19.70704027
01/11/2001,153.5015167,197.3381916,178.8659604,189.6484706,147.9025816,126.6084738,267.5605362,141.7277033,121.1606719,69.02994248,106.2961433,20.42404319
01/12/2001,125.3341067,96.78871963,122.1513286,128.8782547,79.05515799,96.86340782,193.0706917,150.9117525,120.9771412,81.05209853,130.7736411,31.73964529
01/01/2002,138.2144593,137.5605251,172.9288647,184.2452046,152.8557539,203.9955857,194.7502496,234.86815,110.5132374,54.3061786,91.46339247,100.4230644
01/02/2002,86.58543693,60.00462247,86.59818907,91.66290374,85.34041702,107.0611314,108.2222651,149.6020926,108.1325909,154.578413,33.81085718,31.18326827
01/03/2002,94.04332916,103.1453972,82.61024292,86.26842171,66.00561717,96.44257938,74.76884595,101.7542639,80.38077571,94.58286475,86.88985876,28.62045342
01/04/2002,73.65613195,57.9640629,72.4555881,81.04187315,53.72381675,56.49814595,77.54487699,74.83792728,57.83891703,58.82370406,22.8627429,0
01/05/2002,86.96267502,103.296837,76.24549085,82.87907964,65.22520362,60.96489611,64.82744757,67.21113585,60.78857014,78.56610785,66.16118959,0
01/06/2002,85.06624286,68.21598959,81.15568335,87.36114418,69.63524259,78.98907115,79.16824272,80.83561347,97.34795585,113.3908441,57.97449108,10.48412569
01/07/2002,125.5001688,114.2602205,116.4701018,127.9459968,104.3154452,135.0557116,133.0050088,167.0416769,168.0904543,476.2499996,123.7538634,84.54549034
01/08/2002,110.1749986,131.1419928,78.15587857,85.69764786,45.79415741,96.57919009,105.0732763,151.8245216,105.8444859,210.2848943,71.0483794,49.64159131
01/09/2002,138.3824598,178.2957763,102.0075129,102.0457718,92.34408148,139.9561888,341.9223064,161.107754,114.4719004,56.93578904,34.77410438,48.59342022
01/10/2002,110.5652997,120.5767191,97.30410351,102.478109,84.33211536,151.2897161,239.9491153,131.2963235,94.77731876,109.0502679,52.47552046,26.88745518
01/11/2002,138.0514368,206.8669627,134.7418217,139.986633,119.7612678,123.8111347,302.3734688,220.45247,131.5463426,162.9757943,21.11435485,9.273079247
01/12/2002,149.9036974,165.022715,169.628288,183.0727467,138.101065,169.656583,330.8824632,304.8042548,186.3749992,455.5958889,53.75472637,38.88408829
01/01/2003,180.1041899,171.7552711,257.4577435,276.9869358,270.1722222,293.1870898,393.357193,308.5628533,156.3944379,151.6549875,29.58531859,27.28611469
01/02/2003,189.2582883,283.796952,253.4872903,265.9788788,276.0586994,203.1931009,523.54648,245.1681647,160.6966235,296.7713833,66.15363,9.684530702
01/03/2003,207.7752706,300.7496485,238.3022753,256.4684358,194.1384535,202.3690607,593.4599849,200.8641567,147.8996798,121.9906,79.53238049,17.46466023
01/04/2003,133.6861843,155.591338,167.8674881,182.700132,111.2864161,117.6644618,336.1705584,135.0582,101.3594908,119.4363089,29.72758656,18.27821759
01/05/2003,115.4218246,121.9248391,158.8367188,178.961058,128.4539836,135.3353426,210.0529298,123.0910771,118.1914627,283.7764973,49.04426985,35.47672638
01/06/2003,88.49870742,67.79086705,112.3823031,119.1616527,88.4304348,95.9465959,111.8479644,84.15586127,88.94332669,81.26511191,27.78525092,47.45544095
01/07/2003,81.34585317,51.74664956,89.3447781,84.99413796,93.25875245,80.3436716,97.45804864,56.5351561,60.35782672,67.49257206,21.31352649,18.72110435
01/08/2003,87.33799095,84.19547343,102.3900291,107.0666315,119.0726613,105.6383568,96.88245909,145.8711896,81.85265513,57.75520554,50.62130026,146.4699565
01/09/2003,93.72969115,53.8378165,99.11623747,101.7919555,103.1837592,111.834637,111.4612449,53.32150321,104.6959577,32.51994468,76.28768498,54.12233605
01/10/2003,64.01155899,33.86371584,82.70830963,89.60396378,69.93671131,67.58637432,94.75320609,32.82720932,55.96943911,7.427070132,61.65050552,82.40489326
01/11/2003,58.84477456,30.29223263,73.58589807,77.459213,44.7031376,95.85297312,76.4911151,96.86757421,67.89431375,56.61642364,125.5174562,0
01/12/2003,69.54688484,60.47648217,82.29542806,89.64642012,77.71460314,93.44195216,90.62361593,69.42593055,72.4284378,57.7714133,86.37821621,36.62776505
01/01/2004,91.41056812,94.51192914,131.2189128,144.6955911,102.514098,185.8738988,145.2369664,186.7428814,113.9143471,38.52213889,50.05001071,25.64467027
01/02/2004,81.16808169,53.07184275,111.1953388,114.1769741,96.73930529,135.3592522,102.397804,68.54122758,62.17867262,48.88733592,147.0301521,27.12075978
01/03/2004,63.46619788,38.91576892,73.43260281,79.05921454,55.22539051,102.4543849,84.91315697,101.1677428,56.40432508,0,61.35291455,8.200711952
01/04/2004,58.45098921,57.15698577,64.59898263,71.09761571,27.7144227,97.09715066,65.88141216,40.75133345,39.4614019,41.36815683,27.14530733,16.69048488
01/05/2004,75.19951025,92.67783958,62.95430409,66.13015877,37.55771725,68.93911118,100.7672593,32.03164588,62.14824158,78.63077444,81.08038271,41.54404066
01/06/2004,76.65543128,114.736083,62.70184062,65.1477287,40.82124099,72.58685324,88.0939178,50.04074506,80.65448991,91.73058969,43.18161543,0
01/07/2004,59.93571509,73.34909203,52.98298577,58.02479521,19.75871768,65.53624565,75.04907199,33.25832736,76.72802133,44.23951423,26.12651304,17.84896887
01/08/2004,66.50676626,95.12458581,61.22607302,64.26022542,27.10511358,90.65845607,115.682762,64.41028187,56.46669786,19.47208555,39.35426242,0
01/09/2004,71.6541946,71.32165237,63.29700611,64.86664276,44.31106646,139.0358413,120.0375634,114.7884268,84.04305303,64.55894409,32.89349496,25.28099856
01/10/2004,98.43444356,107.7022302,131.9171309,145.9220376,89.70369394,238.1489472,172.2232406,153.9486649,84.93966031,35.05665419,63.26037327,15.5584358
01/11/2004,72.93830695,78.57551175,79.84567042,85.96023438,54.79064234,138.0185516,122.0305872,149.4230976,55.37901832,33.92819089,40.81602708,25.09602395
01/12/2004,38.38450628,28.59229406,37.24450986,38.37381529,24.6469392,42.20191944,32.95661386,47.20854155,46.65872388,26.33790372,32.59009967,8.34927254
01/01/2005,63.28755909,77.83283293,66.5608974,69.76113058,46.42591906,99.86236564,71.04617949,113.6973153,57.92331345,80.47512344,18.4823967,32.46866513
01/02/2005,60.01146221,31.34054454,66.4522156,70.91593032,41.3682007,105.3903897,87.95495503,170.8211277,61.96230978,43.30419812,18.23341731,8.007818607
01/03/2005,54.56060965,42.25327753,64.21262934,70.19377046,34.52586385,79.62372998,60.93732738,98.03969848,75.4931462,51.89569624,25.75285142,14.39483953
01/04/2005,62.47120315,68.83730803,59.05549097,65.01561542,28.61256845,49.05973745,46.3059974,89.43668775,68.29183329,37.50039336,31.98952322,45.38996632
01/05/2005,69.62570491,60.59286998,50.46590156,53.17974902,25.5481938,70.43236203,55.01082923,76.12079545,61.51019929,41.60151028,102.5966038,46.15774395
01/06/2005,56.45053984,61.41351474,42.21767127,41.56366248,24.91998846,42.43266083,37.72484722,28.58787292,51.23145235,53.70693015,62.02568778,31.78077864
01/07/2005,50.4979448,56.60819119,30.4697,32.27570271,14.28257747,31.08538838,42.42040955,33.50872146,35.02914009,36.72173038,132.5300674,146.6766947
01/08/2005,52.903439,42.41258188,42.78195206,41.14999176,54.03747523,32.02916087,67.91377187,39.14292582,38.94648467,24.63780289,25.4053518,7.810330438
01/09/2005,82.20472081,126.8743665,50.15339636,48.45323728,31.8066312,52.18263686,58.31485867,88.61404484,39.30937702,40.53323232,21.94288758,14.99082242
01/10/2005,59.56882817,80.45718733,49.16952589,52.20793832,27.52341494,75.64640226,52.03660463,63.58903951,47.54868795,42.63163249,30.77182403,21.83108586
01/11/2005,48.35186939,32.46609598,51.7575518,55.93227758,44.89454228,49.92881749,63.2734258,65.38130653,31.06362803,13.29167624,14.39104364,44.24217662
01/12/2005,56.89408922,78.73817649,38.59700296,41.1335698,27.31342438,54.30203783,45.16742813,42.92587076,52.86923774,27.36980371,29.63358664,15.18368423
01/01/2006,60.81727222,62.22241081,54.01584102,52.74494783,32.55397472,99.56219162,63.92737179,89.75141029,43.61324084,53.00940352,21.52269846,51.46315964
01/02/2006,58.18459467,60.371622,45.97355057,49.24281144,24.59506234,79.91271532,52.29276511,69.50133133,45.18928383,68.6562422,17.34480216,0
01/03/2006,49.84178582,46.38076047,42.4838282,43.40878964,32.02690106,43.29759824,53.08928204,42.0399844,36.16251347,33.09591633,47.77774877,26.70589813
01/04/2006,67.66570897,57.94457798,60.01895537,65.72444409,18.97389027,55.46455823,53.9623066,53.77312674,100.0020077,31.96160184,23.07011789,7.092412866
01/05/2006,64.2031104,95.86812371,44.25902623,49.91390161,25.64615693,44.62013177,49.65110127,38.33946133,44.3055891,21.38979532,41.90670035,27.12277069
01/06/2006,65.83484641,91.21692512,35.98867889,37.24738502,19.84656673,49.24248367,45.53733287,22.11720623,86.93401369,29.08551739,23.32682124,21.51399241
01/07/2006,69.18348683,120.163635,37.95607106,41.56639263,13.77428958,64.79237876,55.5217368,25.90346544,56.4843805,50.4662021,48.56916488,7.465773939
01/08/2006,69.11658864,134.5969372,35.10652123,38.71209366,10.12681419,79.82813965,42.38938264,67.00718025,46.60005555,52.56200585,35.70789659,13.72203354
01/09/2006,37.60639002,35.06334046,23.05206476,24.4412169,5.777242895,31.85390454,41.79726784,29.50848748,44.27069317,21.95059556,15.84410037,13.91693938
01/10/2006,41.30012458,36.0965598,39.11098546,43.32507928,26.13233999,52.7755113,58.79155134,42.32868146,48.70962433,23.75034823,23.57186562,13.17575353
01/11/2006,51.44379651,48.19654219,44.04417659,47.15020005,23.65422241,74.00588197,55.97235229,41.62183358,85.28033517,30.40851624,41.70326976,6.747776688
01/12/2006,37.547709,17.61622867,38.44352871,41.6848994,17.58606123,51.17545684,43.62234918,36.29273519,46.74143339,15.90907655,18.37326043,14.12116198
01/01/2007,55.21650084,44.72173253,52.47217446,57.51671865,40.30464701,100.0022295,61.9081917,72.55643619,65.87992576,21.20361722,50.2876138,20.16501931
01/02/2007,38.35768586,27.48456458,35.01183356,37.52440539,15.54791542,38.175005,36.15629446,33.39008646,49.50867058,28.48220366,20.55866285,0
01/03/2007,55.67711834,59.73266382,39.43218961,44.21992313,11.55232294,51.35480631,44.05801374,32.18505149,44.14277813,42.32536719,22.4038903,6.26145044
01/04/2007,40.69189717,31.23259476,35.61989784,34.18456359,23.07182678,33.89498646,33.50957115,14.37812314,45.83422466,17.79589302,27.83127901,6.581638246
01/05/2007,52.4370198,36.2766463,52.97252077,58.46869195,28.40555356,49.74261223,38.46550444,35.53159843,57.26899038,33.98275413,14.30858356,0
01/06/2007,50.5290555,42.45996474,44.28305238,47.10197107,24.78196531,33.50307218,40.19312622,44.25843304,51.52249371,52.77037852,22.40590885,20.66464813
01/07/2007,37.26598941,25.43432021,28.49591827,29.14005058,15.77642527,33.27224392,35.6115163,45.71164301,35.87607437,33.91028435,22.25153743,20.52227359
01/08/2007,74.68660422,148.9329355,43.12329964,46.74200629,28.84898277,49.30179848,39.43107862,72.9926822,58.16299666,80.53090985,49.82382817,12.76438933
01/09/2007,75.64817454,154.1409048,38.86300473,42.54203942,18.9293063,90.90312559,43.16764274,44.23145647,105.850383,295.3101334,30.14341604,13.23849522
01/10/2007,69.60902153,122.1359633,42.17807398,44.29974248,22.56769224,50.25105092,43.06101546,29.01883252,55.54772194,87.630318,46.92905476,6.272752697
01/11/2007,63.24736053,94.69215131,37.92471476,41.53359376,15.32169302,49.95633625,45.31433085,15.59702978,51.62591318,37.42371621,31.16851383,31.94030325
01/12/2007,89.23051494,125.2693112,75.98911539,80.49314885,41.24381962,97.55178255,48.82766607,60.93514865,94.93121343,39.68518834,35.25545736,13.54816762
01/01/2008,158.6615572,238.2866373,189.8703773,214.2035552,107.723076,239.4068166,140.0340612,248.7618198,126.7026292,28.1408551,87.34278233,56.20115893
01/02/2008,100.3556417,102.750519,114.5269699,123.2914648,59.28687373,124.4790775,93.6190536,109.8326388,102.5335054,161.2318087,81.89583957,6.625557663
01/03/2008,102.1251884,161.235678,94.10751657,102.8188774,39.35909315,80.79042245,76.40648508,67.54136139,106.3242855,172.7658227,72.40856166,74.20153012
01/04/2008,85.41378822,88.15247823,75.38602717,80.84269981,44.66592586,96.44428833,55.39707239,72.45893867,91.68641297,113.2408854,93.69977208,12.25786594
01/05/2008,76.14960087,48.31972309,87.25166955,96.22871136,64.84207069,82.63770407,43.67670914,51.39225963,98.46166484,87.38140324,41.39135158,0
01/06/2008,84.79144606,51.21319244,75.84423624,81.69916343,27.50421977,60.65985501,70.87758309,55.34202729,129.306143,44.78661352,43.10307346,0
01/07/2008,88.70942407,94.88114733,83.42812303,85.5384737,53.96721036,97.02986872,81.48368061,92.3369398,166.1966288,315.2136221,28.95753599,50.8707044
01/08/2008,77.44875373,66.78899498,81.62045162,86.95456822,63.54293345,107.1189175,77.38935951,76.5544439,89.63137268,92.28441668,40.37064648,6.205544632
01/09/2008,160.5341872,202.1720929,110.2869053,115.8140844,80.86626057,115.8468886,152.9493648,88.50889159,286.3897313,877.5459465,30.5507595,25.04580176
01/10/2008,217.3119918,181.9019392,243.7280516,262.0555429,170.9743795,274.9538984,193.7261333,183.0375799,328.5254154,729.5290862,63.26395959,160.1694483
01/11/2008,195.2114371,142.7077398,186.9914637,196.6738847,130.4537636,241.91069,187.5524624,131.199602,226.8044467,471.5262166,86.634818,38.04859483
01/12/2008,145.6088841,113.5509472,142.4529347,154.9965856,83.3680031,153.772827,95.2149276,121.1455575,174.9586507,319.3605349,35.95215664,45.5111973
01/01/2009,187.9008193,71.8785307,214.7670311,227.0025728,185.6282038,267.449166,124.979848,226.5673799,176.2970014,241.8147817,45.71382028,19.16418195
01/02/2009,214.1350275,145.2466263,280.1123696,300.06891,285.1662121,429.5794699,87.44795661,424.3046891,238.9001722,655.1950292,44.19855724,13.58789832
01/03/2009,162.0978566,93.09614136,185.8047545,196.1320858,140.0889352,224.7510415,83.26821385,166.8049382,214.530212,389.0249978,59.43964632,18.90356298
01/04/2009,113.0508182,71.04363567,119.3916576,126.2978079,79.55924594,131.2365493,61.30825172,101.863045,171.193741,268.6270567,14.43913633,19.02429741
01/05/2009,107.7207904,88.83601039,101.9246828,105.3630183,88.47570236,110.9807019,56.69502296,73.94863486,120.9377614,198.8163062,18.71831263,6.393937432
01/06/2009,90.88646845,44.02606696,107.1718998,108.6412454,84.93373683,143.9224038,36.82917727,73.83488032,117.8420438,155.9799389,42.78323492,117.6828384
01/07/2009,104.9988722,46.60460584,121.0251355,125.0892383,100.8765342,230.3288655,55.26440748,112.9350467,129.198375,129.9993421,19.63977396,40.2521814
01/08/2009,81.88142303,46.04740416,70.91820288,74.41968464,54.11112599,148.9590594,33.55575761,94.6600582,93.82413888,135.2418014,26.62323301,47.74432769
01/09/2009,77.22976889,71.18106653,74.99486528,74.99872142,58.12329957,148.6733362,47.19138514,71.78469661,113.9239877,96.5967726,10.56428132,12.99104671
01/10/2009,71.23211823,30.44925687,82.66067952,85.50405304,71.48950679,139.6667865,23.73711698,84.68709334,108.0717751,107.2440823,13.89402407,24.40811234
01/11/2009,101.9499689,108.7670688,99.65551906,103.7842741,73.37784111,171.6158914,64.52554477,103.891897,107.6249128,143.9697762,25.44941317,91.27855519
01/12/2009,110.5395416,71.07693765,127.9364768,133.7648379,85.72867899,210.3347391,68.88681218,148.0148696,216.0605594,256.5825932,23.41649551,6.54445385
01/01/2010,134.1794819,107.869463,166.646371,176.3854119,181.0586593,351.853586,95.22423425,201.1350001,197.5788376,195.9297606,88.89479261,24.84436099
01/02/2010,129.5249078,80.11703622,154.9146622,156.654815,127.5056341,304.8667501,52.46327928,166.6736714,181.909729,250.9204144,25.56934443,137.5630629
01/03/2010,95.82079396,44.52599666,108.5558791,109.9768253,86.14142845,231.6541705,40.23300036,151.8937379,136.1746478,143.8198702,49.98270517,65.01046758
01/04/2010,75.01658031,42.10283668,89.35697002,91.15155558,75.01117632,153.9634493,39.72571734,89.23724673,115.8344526,243.3979698,17.37558141,53.41749777
01/05/2010,99.73916158,54.59911353,110.2068139,107.0149452,108.402405,129.5260126,60.80493432,92.57645864,170.581372,159.6640869,57.62335267,496.0217834
01/06/2010,113.4592534,102.0050105,143.6194281,150.6285,125.3164486,226.5691539,72.2903108,138.8419233,210.2263105,353.0705176,47.27035697,442.2860902
01/07/2010,156.1082106,159.494038,185.6708357,192.7396405,188.5029136,282.5406377,97.2239337,290.6300962,281.4305707,551.3171045,53.77631311,363.7122258
01/08/2010,137.7870242,133.6367676,191.3336778,204.1431753,178.7534655,295.1638274,86.21651782,202.3171654,219.812337,291.0739676,72.22164056,60.55362042
01/09/2010,180.5002563,108.2014296,258.3348742,286.131206,224.1962839,345.2139396,111.0769715,208.2054256,250.9567881,385.3526956,60.64933385,186.4533669
01/10/2010,199.7295515,109.0729368,332.493007,364.7856952,379.5367962,568.7115454,159.1747305,402.636646,384.3900328,332.2305983,119.9032375,166.4720955
01/11/2010,151.6407619,114.8108344,228.1788187,232.4811313,221.2516321,387.3712738,101.7965601,259.3240361,205.0934316,133.6507884,69.20682254,212.7615303
01/12/2010,137.5047147,77.00285044,206.7215544,223.6409905,166.7119707,193.9704392,58.91694016,303.8157878,182.102882,160.5444963,77.95711045,207.2756008
01/01/2011,119.630979,44.67372723,166.6075222,171.7934535,151.513564,266.7065358,63.84764677,192.317429,180.4621919,188.6104867,86.634818,114.1457845
01/02/2011,99.31581681,41.62163016,118.0621849,116.6468513,105.651541,205.3416296,69.26119702,138.7639402,151.9175808,112.070558,31.93158479,26.1778154
01/03/2011,120.9315332,70.49472001,134.3887436,131.9064358,151.0795672,213.0344898,76.14258382,121.2165147,202.995282,179.9444837,64.00142456,121.527402
01/04/2011,99.55070087,62.22722475,138.7366949,126.6683896,186.3950109,185.1527651,67.54269845,150.9414094,133.949979,230.3804575,27.71504977,73.03197886
01/05/2011,80.95620872,55.08151473,109.3923868,98.92414627,128.5676431,145.1040479,67.19454021,111.8374173,93.66033689,87.76398381,27.71504977,103.4619701
01/06/2011,108.1815295,91.96403892,138.4162359,135.2278194,163.9749684,182.9352228,54.13460257,144.6106637,157.2190898,149.8325786,118.5493133,217.3938727
01/07/2011,171.1993248,160.6455721,285.8952805,249.6674289,563.7198744,343.9058465,68.37895099,420.2481469,213.6142215,260.2498906,74.26638734,429.7714389
01/08/2011,215.1243049,231.1489688,322.0823056,261.1338754,635.271777,398.3092802,107.6064489,399.8623553,215.992421,224.1302931,66.37082431,1039.343329
01/09/2011,189.7194377,122.6990252,276.2620443,272.992592,375.8290052,364.7379113,102.4329045,303.8583777,292.3345189,160.2588858,178.5875636,411.7718664
01/10/2011,117.9021636,75.55926705,130.4084038,133.008284,118.5466889,157.6535327,62.81475791,122.4959707,228.7467324,473.0741562,113.8227949,609.3500076
01/11/2011,114.7872495,78.17902266,149.9675699,144.5434574,171.4033754,194.1333288,80.17232918,223.2837947,137.9363582,165.7486095,43.317409,615.1189497
01/12/2011,155.8550561,88.3977209,210.2094224,218.4854179,173.5548107,295.5974325,124.2731682,368.733511,191.4230549,140.2877799,52.83169316,683.5162695
01/01/2012,134.6205399,76.10838963,180.0323519,187.9836433,178.305403,255.6283389,78.9799665,241.4580571,170.8091404,109.258506,102.9607961,713.8781577
01/02/2012,100.1706045,71.55014348,120.1615117,124.686678,103.4814318,159.7940722,56.45476709,130.4656768,107.4297326,95.98353648,25.40326008,170.3931793
01/03/2012,77.73001804,30.02006196,87.92420879,83.26950474,84.01738212,143.5321773,50.99288652,79.68492302,99.96063867,110.6123908,27.313969,83.97093852
01/04/2012,82.54038785,62.48596278,94.93068374,95.45339269,84.60975525,176.2377313,36.92247057,96.90909565,87.03209207,88.78811143,46.40848511,536.7219834
01/05/2012,102.4768738,61.2218438,139.3484609,135.9670767,171.6847994,197.6877183,66.08255558,171.5347342,114.7634689,159.0620909,18.78744767,218.1968048
01/06/2012,147.0294844,131.7220107,191.3475238,195.7161376,216.6875642,320.9768696,49.73834648,267.6088808,164.5728963,164.3095002,34.21148036,722.2075557
01/07/2012,149.4687314,123.2763436,218.7703526,235.1297896,225.2333293,336.7158282,68.81858179,278.9929747,174.4174292,365.6903819,50.93926149,484.0420274
01/08/2012,129.1011302,107.4255666,188.9816261,200.2357872,196.9922199,277.9425277,102.9525779,222.6365953,195.7168138,151.308076,43.6861102,288.7526855
01/09/2012,140.912898,136.6684875,201.772549,207.4564023,223.218084,287.9534883,95.24183107,202.1598984,200.7565548,321.0899999,59.66230542,543.202304
01/10/2012,158.6864596,89.77890547,266.0443056,273.7685825,318.5532117,409.4858155,129.0242722,321.3351072,227.6320205,265.1456492,82.02174352,266.1670478
01/11/2012,191.8661223,126.0698109,372.0898434,375.0997645,455.6909096,441.4509392,142.676354,452.7822477,173.4417549,242.8449497,11.23636284,414.5254466
01/12/2012,193.6968731,104.012226,374.3071494,409.2930657,426.2212759,381.1667072,92.40148403,483.673871,180.2066017,206.5189909,34.21207944,247.9188628
01/01/2013,181.2832499,97.48262089,320.7264732,324.182622,519.8716047,342.84584,128.4844539,473.4056416,123.0407677,141.9463546,20.04611412,191.7299307
01/02/2013,130.5416213,77.29902954,203.9597973,189.094118,345.2546054,243.7399945,105.8011907,289.1277207,151.4949695,200.1595642,35.52704185,138.3456744
01/03/2013,127.9070712,74.67810942,187.6465911,164.8074973,261.0723944,211.2827749,67.23209663,273.4087282,110.9141055,76.0951694,28.56154581,243.1560346
01/04/2013,77.20171117,34.01666527,90.06354124,89.08074611,72.65252179,117.7389835,38.55953583,112.1470148,75.64076009,47.96109875,32.3107603,28.38071472
01/05/2013,71.64556253,35.08108827,76.21527347,82.18816967,53.42949359,122.9664676,31.16085322,91.26282085,104.9256148,37.286633,22.42813693,27.58019837
01/06/2013,77.76306849,55.33706099,79.96822391,79.10666045,57.1085912,129.0128631,36.72621661,124.7311828,85.42131734,89.5488321,57.17888615,38.21396086
01/07/2013,86.72034179,51.4595493,78.13582097,76.87543993,71.34920256,174.815843,91.14583363,108.3354304,160.2553919,153.3599472,52.83233987,15.46873293
01/08/2013,88.39750147,76.71285394,85.88088713,80.94034237,91.50201169,163.4567709,59.24620755,133.0867961,135.4415669,72.3077029,33.2132364,109.4003257
01/09/2013,110.4268635,93.53116019,119.3175839,96.73449076,184.6024803,264.62898,109.3701613,135.7464522,111.9256912,100.5719005,84.69245527,74.39108178
01/10/2013,177.4345582,159.4561084,268.6196513,168.8717684,582.4078001,538.1047089,109.6818509,357.2540715,117.1536497,111.0884514,15.59142209,95.86496535
01/11/2013,78.70875094,67.16274175,76.77225804,70.92131113,81.66225873,137.3674792,43.77438265,85.7994056,91.58707931,87.89878642,26.84253284,0
01/12/2013,92.19047652,95.22825316,100.146582,90.91901844,114.4019106,217.8273955,47.14612108,203.7428852,115.3928197,155.6320426,17.87169145,23.54686358
01/01/2014,94.84290588,76.3170739,110.1885923,111.701595,89.69125539,253.2618115,52.71442854,219.1129563,170.9237261,134.0600297,42.48241887,36.2786344
01/02/2014,84.19193938,44.05551531,82.55332493,71.90073667,82.36343802,232.6907175,71.77026657,178.0343791,160.1394483,86.71348412,185.2676634,46.18100183
01/03/2014,68.82542601,45.16197703,63.41956436,60.56936146,46.26796188,104.6770668,66.11635153,113.0242257,86.24160875,58.9622345,167.8730783,116.3019197
01/04/2014,55.37443615,25.73011666,57.50331656,61.68741983,39.08402713,91.26114795,25.90857217,80.72808594,80.38736009,42.79419045,28.51307036,21.91432961
01/05/2014,61.99283869,30.26387097,62.75958386,63.70203099,51.09504715,80.9493574,33.33140153,75.79783885,97.09440753,71.31500388,18.71843317,7.193225933
01/06/2014,57.39754543,18.68332577,60.58691586,63.77950271,28.04043631,72.09999148,30.3186284,52.08088978,94.48127758,70.24579079,15.21117762,38.96958551
01/07/2014,70.09205724,42.36643003,68.22263992,71.94193291,39.23092884,106.9244986,51.752608,73.52795928,92.40323712,76.65822026,30.18134393,23.19651692
01/08/2014,48.06057923,34.95971678,43.34967015,46.80060519,20.55630291,77.6776709,26.3741662,43.44647829,87.86281964,86.56795728,22.49473842,46.1034986
01/09/2014,53.5586027,45.6362195,50.09061989,51.16091118,31.92330598,99.00848939,40.88406891,81.20526849,70.49900886,74.58351721,12.23521092,7.522906274
01/10/2014,63.70123757,41.2695438,67.91616276,73.46361812,31.51392025,119.0152742,56.63373096,89.59035207,113.285582,47.12677933,15.87434515,6.971752704
01/11/2014,55.98092109,32.1126885,68.39020385,70.69728451,60.55342607,108.9995811,29.15709202,86.33640062,98.92647799,76.56188643,22.60756203,15.44491108
01/12/2014,63.20245802,37.34541893,67.70636952,69.85562928,47.42608215,90.63093563,35.20309782,55.0542556,105.812478,84.2470506,17.73628999,46.73693051
01/01/2015,75.96394725,51.93628701,86.93115905,95.42720656,49.99421742,129.5660811,64.12898101,99.21678393,118.0796691,70.25647555,33.80775849,51.96735066
01/02/2015,67.14075159,36.31179571,55.68403862,61.37084675,27.67996414,60.24419876,42.00929106,59.86718392,126.2703416,56.93404752,15.41077941,31.58475701
01/03/2015,60.38094378,33.92811263,66.8351951,70.5294994,60.67892078,73.64056216,46.21776516,77.17634347,75.60693218,41.88548255,27.90761312,21.44899251
01/04/2015,63.69088602,35.80220842,42.88079298,46.72659848,20.31871971,75.89199812,65.43965469,41.08677474,81.24427565,28.81690304,41.60050261,28.42040478
01/05/2015,61.5439999,31.08436626,64.94575255,71.22659442,25.89937099,73.27946304,30.43116605,76.90339815,87.65792598,43.28317619,88.91986018,96.04717474
01/06/2015,62.06819606,33.04261791,65.418659,70.66614291,55.70974476,108.3669706,27.27402939,95.98432646,87.44480841,53.71294759,100.8030356,31.78433943
01/07/2015,64.79266556,52.275352,61.78919649,62.7015051,69.36635215,89.82878624,63.39189933,85.43964375,111.6029267,228.2839483,51.49281968,23.74554425
01/08/2015,72.44541578,74.79461288,53.29732136,54.43613056,32.4901474,52.67340759,45.79093196,42.17331635,104.6041892,46.8934848,20.8295755,168.094662
01/09/2015,76.19562794,104.9944017,41.32708985,40.54782447,28.36275248,52.31941872,42.76420093,34.86146264,73.08088467,54.33483402,19.60964023,144.6855178
01/10/2015,61.45278426,63.58585267,52.54172967,49.41883976,47.32931464,73.93838048,38.80745343,68.12798536,79.39793462,38.53444564,68.60896335,74.10827096
01/11/2015,50.41662902,35.1537256,41.14262306,44.98614534,20.93298015,58.91121172,39.30389005,42.11984809,70.99149811,110.7804993,20.50312163,6.303244929
01/12/2015,63.77517308,60.35844994,50.99778966,51.27638598,36.00275624,59.43230502,57.97628911,58.24135209,76.84911835,53.89739955,20.47554582,31.4738367
01/01/2016,71.48565437,55.45720481,68.61171286,73.24915964,47.37566373,104.525637,59.47439331,77.26229065,106.613728,47.98003128,42.78112265,31.31461537
01/02/2016,72.25809301,65.95661833,68.26779053,75.68244512,55.59457761,110.2089752,36.60820231,48.70184649,96.14787503,117.5926402,26.27214184,161.5361288
01/03/2016,59.48715776,50.41493833,61.90756345,66.75918221,41.33266975,75.84642836,32.68015594,43.1826821,81.85757542,100.9563435,49.18794314,56.00658511
01/04/2016,48.45343948,37.04986349,41.96526184,45.23494263,28.05114572,61.82960859,27.24164345,25.80463204,79.90909897,62.05204898,42.92338837,80.32271738
01/05/2016,54.39399318,39.74792311,53.4877288,56.19720851,38.27276851,66.49455311,34.9416754,49.61203902,63.41234829,44.14448492,76.84801711,46.09809636
01/06/2016,114.1396799,170.2187436,67.83637967,70.0069208,52.7474245,84.69730283,88.38683844,46.11904535,151.1394136,112.3899331,271.0724618,249.397953
01/07/2016,89.1917433,116.0823669,67.38028847,68.25879506,45.5773464,70.67789627,79.21282914,58.47744317,96.13253068,79.09870225,116.3026366,286.0380064
01/08/2016,68.53096879,65.26916129,68.25003033,72.49193765,25.96996856,105.6417255,48.66411949,47.97315916,66.29650314,27.57933197,155.274315,36.71981333
01/09/2016,46.39456821,39.3724855,41.25854533,41.21067228,26.397473,55.14881314,36.49096699,27.57899966,72.26811287,51.04401977,93.07944424,5.961516348
01/10/2016,65.24505285,54.63936885,74.63824799,79.44983016,44.07741416,123.6030463,46.80876317,64.47039025,77.02360916,69.97930413,83.53837134,59.72576808
01/11/2016,123.1515871,111.1606108,141.4441789,153.8320362,116.6380858,270.2908462,138.7206204,122.4473888,189.5761611,280.7633142,540.4187013,109.945679
01/12/2016,120.2690069,86.74044013,160.9049265,161.0655025,118.4816519,185.2261299,134.7614149,154.5800203,213.303956,95.9944903,275.1201726,87.71238044
01/01/2017,132.8205757,86.05067716,167.8719814,178.4627024,116.625684,350.6417851,112.8513758,190.7150752,199.5326357,93.57782042,474.802707,61.07443816
01/02/2017,116.9097423,99.29187544,121.3579793,126.4768485,79.66002952,201.3761446,94.47168567,154.7063553,180.9976129,144.8639164,250.1330932,50.42495335
01/03/2017,108.1169866,50.93557316,106.6963839,112.0870878,83.06756989,202.3467308,114.6151424,139.5801702,152.4152986,43.11521881,151.9431208,16.88373005
01/04/2017,92.24573508,36.36981846,110.4240344,116.3113666,75.2717207,167.1627059,68.80684259,112.6214124,108.0856143,38.13258627,153.3501148,42.30890036
01/05/2017,90.45716001,42.42730577,106.8251595,110.5065201,80.00322751,164.8222338,88.87355079,102.6260394,89.58094987,44.98656573,87.26751116,12.4783834
01/06/2017,88.80756397,47.22938022,88.48338915,91.8473203,59.37218625,197.8523145,46.2186943,129.3383791,84.76648294,104.9069486,86.85827933,61.62164947
01/07/2017,93.58327439,38.02158187,110.0679233,120.5058919,69.01534801,218.896521,62.32756984,168.94367,143.6292121,268.4061485,92.14345484,36.31734437
01/08/2017,67.29953185,23.32461841,83.1181381,86.39206541,62.057027,127.688246,49.69192939,106.5889916,97.14184075,64.75101374,91.35106687,52.24916451
01/09/2017,82.58502272,35.04265408,83.79073258,92.8503452,56.72210456,120.3031495,48.59212342,131.9624919,111.7225777,59.98878236,76.29107825,19.01680174
01/10/2017,68.7551307,47.63155039,83.03103645,91.8083107,36.45498644,113.6094623,44.88579223,72.12549681,74.84416072,38.7141082,96.87297138,17.18164443
01/11/2017,86.42735765,21.46714647,138.3632371,155.2209411,137.630691,231.5615914,79.32387714,80.44772723,75.95538013,44.82230447,49.48116142,5.850739097
01/12/2017,83.12895214,26.80166478,134.8739551,151.0624257,78.42207706,193.9770783,64.48193784,101.9600428,86.62256495,28.37753856,182.2997218,12.59418853
01/01/2018,108.7466664,31.98508399,132.602981,144.7879513,56.43950849,184.1968683,111.1753586,164.1789774,128.4070542,10.81217815,247.7868184,23.99267465
01/02/2018,79.59378909,43.19099216,100.5902548,112.8578685,68.58381133,96.22557178,32.6574689,65.68242978,81.6105144,32.9053435,69.09474188,13.27606014
01/03/2018,70.94969988,27.38204586,80.3433151,90.85382534,34.9772409,65.43244807,95.71285526,42.53658106,84.85849621,62.37965737,524.6518637,24.07357628
01/04/2018,84.52730022,30.68817577,96.29180315,107.1189188,34.14169972,103.4957578,132.4158493,91.89520898,110.5588397,101.7667201,463.1806534,43.9103389
01/05/2018,84.42240068,29.94978698,91.73855096,100.6975292,22.14703598,117.3418146,102.6614244,111.8351987,105.2670062,67.61853834,283.0838211,42.01354057
01/06/2018,100.2010024,29.21049918,111.6313631,118.0000876,46.5127605,99.33481667,155.6047525,48.59462896,92.40171292,56.80443889,688.399638,92.8799945
01/07/2018,93.81899575,62.88610322,107.2556611,113.4798744,56.86361686,75.99233898,164.7023815,54.09579981,86.60279537,57.58902146,904.719141,67.65482254
01/08/2018,80.29831288,41.67666292,82.92614261,89.8500254,57.03951386,90.4181697,78.21082371,102.410901,102.7753676,37.15221423,469.2929477,96.18269993
01/09/2018,58.84760968,20.14998197,66.61700363,74.56446322,32.75508466,80.5933118,64.9993752,62.96695681,85.47581337,60.8040452,323.3911903,28.4056241
01/10/2018,84.64519171,34.80853867,107.6616864,119.6402226,70.59059311,177.322999,103.2939147,162.1641017,158.7015462,51.42343119,443.2303028,20.13718948
01/11/2018,75.27641742,42.64734422,88.85192869,97.1835436,54.4982463,164.9009797,78.71953492,118.5041436,108.395988,45.45345087,403.0774932,14.40901498
01/12/2018,120.7333291,151.2098589,113.927086,123.4984189,55.04975613,145.9264816,140.9279537,112.0780432,117.7389917,62.05881121,681.8718892,7.650616256
01/01/2019,139.6309716,144.4401632,143.3814548,150.2216484,95.85633287,211.1808855,176.2794721,189.703315,120.7578477,80.73520773,715.6202325,64.4957266
01/02/2019,84.20104417,68.14417163,97.21367892,103.8076997,44.25985173,146.8637661,73.04368701,124.3034464,109.1110155,59.28397792,307.0927214,85.12293169
01/03/2019,93.67759227,55.81151056,106.7466559,110.0416789,81.58233297,150.9706311,72.85159926,110.2358224,110.2479714,71.73626743,287.6653463,70.74923197
01/04/2019,73.17726364,34.84830528,72.18990924,79.85126948,26.11624941,105.3847581,44.40670166,69.23983385,91.86317678,61.73202495,335.6749897,27.39718805
01/05/2019,89.29901671,52.62413314,101.4731686,111.6137679,22.14243623,159.3906372,145.4481323,59.40457234,55.79444771,20.03096135,786.542093,8.889907878
01/06/2019,133.5200327,146.1601349,129.339431,139.4521785,64.03001895,175.5613649,182.4207678,86.60924127,142.700327,54.39837618,1374.280098,60.35613375
01/07/2019,90.09310868,100.7842305,62.91160192,64.84426387,42.12802639,95.81579642,93.46843123,97.80808484,123.0224006,182.9316037,600.7882291,40.59328647
01/08/2019,146.1525158,276.7761709,157.164012,174.3701001,64.79422274,152.322771,318.1425372,86.54985729,101.7477983,39.02348793,1946.683,317.5140785
01/09/2019,110.312438,128.2930046,98.39380887,101.2443099,46.419353,116.2812264,176.0367478,99.48110897,178.0393488,78.49434948,919.115347,19.35358201
01/10/2019,92.53195041,91.94444099,82.58660535,91.73197526,30.69325647,125.2095398,169.2456907,43.91164761,85.81648214,125.6241362,842.413192,44.96212937
01/11/2019,74.59380106,65.23653796,71.27745934,76.77138569,42.82694035,103.6227694,104.5373283,72.35173301,78.97845319,106.831809,597.6178517,29.63303047
01/12/2019,114.4408687,91.52631523,108.751824,120.396559,61.36425995,156.6159298,142.7010755,73.46036946,111.6997046,65.57430751,851.9762629,20.78744652
01/01/2020,100.5183563,86.03760439,94.72091348,104.173859,36.87208419,120.0747137,117.7566367,65.4881562,101.3739076,31.52142813,646.8181515,129.902249
01/02/2020,106.0078274,97.5869154,110.0690651,114.5226228,50.79585624,154.5682654,111.1410511,112.1467245,152.7407823,168.5485679,462.9823234,31.16802566
01/03/2020,351.3661049,304.0692764,290.5010868,311.865019,118.6594087,771.6163388,289.2801212,775.998518,199.2275397,190.2696372,194.8283473,88.37084669
01/04/2020,502.7975887,204.8580457,433.3470293,471.921138,199.3429064,1031.487388,232.5040806,1115.064709,354.2401475,438.9680179,240.3692119,111.9641788
01/05/2020,453.811382,179.545193,419.3157847,442.9505163,259.5627802,854.0218485,205.7512058,885.0705044,299.7546479,203.9794684,175.0889285,97.86788218
,,,,,,,,,,,,
"Source: Measuring Economic Policy Uncertainty by Scott Baker, Nicholas Bloom and Steven J. Davis at www.PolicyUncertainty.com.  These data can be used freely with attribution to the authors, the paper, and the website.",,,,,,,,,,,,
